Nombre científico ;Nombre común ;Familia 
Abarema adenophora (Ducke) Barneby & J. W. G ;Nene , Ojo de gringo ;Fabaceae-Mim. 
Abarema barbouriana (Standl.) Barneby & Grime ;Niñañiri ;Fabaceae-Mim. 
Abarema idiopoda (S.F. Blake) Barneby & J ;Cashá , Espino amarillo , Espino blanco ;Fabaceae-Mim. 
Abarema macradenia (Pittier) Barneby & J. W. ;Ajillo , Arenillo , Cenízaro amarillo , Cenízaro macho , Cola de pavo , Guabo de montaña , Ojo de gringo ;Fabaceae-Mim. 
Acacia angustissima (Mill.) Kuntze ;Carboncillo ;Fabaceae-Mim. 
Acacia collinsii Saff. ;Cornizuelo ;Fabaceae-Mim. 
Acacia tenuifolia (L.) Willd. ;Amor fino , Rabo de iguana , Uña de gato ;Fabaceae-Mim. 
Acidoton nicaraguensis (Hemsl.) G. L. Webster ;Barranquillo ;Euphorbiaceae 
Acnistus arborescens (L.) Schltdl. ;Güitite , Huitite ;Solanaceae 
Acosmiun panamense (Benth.) Yakovlev ;Carboncillo , Chichipate , Comenegro , Guayacán ;Fabaceae-Pap. 
Acrocarpus fraxinifolius Wight & Arn. ;Cedro rojo ;Fabaceae-Caes. 
Acrocomia aculeata (Jacq.) Lodd. ex Mart. e ;Coyol ;Arecaceae 
Aiouea costaricensis (Mez) Kosterm. ;Guayabón , Ira , Ira mangle , Mangle , Sura ;Lauraceae 
Aiphanes caryotifolia (Kunth) O. F. Cook ;Coyure ;Arecaceae 
Albizia adinocephala (Donn. Sm.) Britton & Ros ;Gallinazo , Gavilán , Gavilana , Gavilancillo , Guanacaste blanco ;Fabaceae-Mim. 
Albizia carbonaria Britton ;Pisquil ;Fabaceae-Mim. 
Albizia guachapele (Kunth) Dugand ;Cenízaro macho Guayaquil ;Fabaceae-Mim. 
Albizia niopoides (Spruce ex Benth.) Burkar ;Cenízaro macho , Gallinazo , Gavilán pacífico central , Gavilancillo , Guanacaste blanco ;Fabaceae-Mim. 
Alchornea costaricensis Pax & K. Hoffm. ;Chasparría , Fosforillo , Fósforo , Fósforo , Ira ;Euphorbiaceae 
Alchornea floribunda (Benth.) Müll. Arg. ;Ira , Morilla ;Euphorbiaceae 
Alchornea latifolia Sw. ;Canelito , Chapanea , Chasparrio , Chayote  , Peine , Tabaquillo ;Euphorbiaceae 
Alfaroa costaricensis Standl. ;Campano chile Gaulín ;Juglandaceae 
Alfaroa guanacastensis D. E. Stone ;Rabo de ardilla ;Juglandaceae 
Alibertia edulis (Rich.) A. Rich. ;Madroño Trompillo , Trompito ;Rubiaceae 
Alnus acuminata Kunth ;Jaúl ;Betulaceae 
Alvaradoa amorphoides Liebm. ;Ardillo , Arenillo , Cirricillo , Rabo de ardilla ;Simaroubaceae 
Amanoa guianensis Aubl. ;Yerrillo ;Euphorbiaceae 
Ampelocera macrocarpa Forero & A. H. Gentry ;Yodo ;Ulmaceae 
Amphitecna latifolia (Mill.) A. H. Gentry ;Cabalacillo de playa , Jicarita , Jícaro de estero , Jícaro de playa ;Bignoniaceae 
Amphitecna sessilifolia (Donn. Sm.) L. O. William ;Calabacero , Guacalillo , Jicarilla , Jícaro ;Bignoniaceae 
Anacardium excelsum (Bertero & Balbis ex Kunth) Sk. ;Espave , Espavel , Rabito , Wild cashew , Yèm ;Anacardiaceae 
Anacardium occidentale L. ;Cashew Marañón ;Anacardiaceae 
Andira inermis (W. Wright) Kunth ;Almendro , Almendro de montaña , Almendro de río , Arenillo , Areno , Carne asada , Coco , Harinillo ;Fabaceae-Pap. 
Aniba venezuelana Mez ;Canela ;Lauraceae 
Anthodiscus chocoensis Prance ;Ajillo , Ajo negro , Amarillón , Cascarillo ;Caryocaraceae 
Apeiba membranacea Spruce ex Benth. ;Botija , Botijo , Burío , Peine de mico , Peine mico , Peinecillo , Tapabotija ;Tiliaceae 
Apeiba tibourbou Aubl. ;Burío , Chumico , Peine de mico , Peine mico , Peinecillo ;Tiliaceae 
Araucaria araucana (Molina) Koch ;Araucaria ;Araucariaceae 
Araucaria cunninghamii Sweet. ;Araucaria ;Araucariaceae 
Araucaria excelsa (Lamb.) R. Br. ;Araucaria ;Araucariaceae 
Araucaria hunsteinii K. Schum. ;Araucaria Klinkle ;Araucariaceae 
Araucaria spp ;Araucaria ;Araucariaceae 
Ardisia revoluta Kunth ;Guastomate Tucuico  ;Myrsinaceae 
Areca catechu L. ;Palma Betel ;Arecaceae 
Areca triandra Roxb. ex Buch. ;Palma Betel ;Arecaceae 
Arenga pinnata (Wurmb) Merr. ;Palma de azúcar ;Arecaceae 
Artocarpus communis Forst. ;Árbol de pan , Fruta de pan ;Moraceae 
Artocarpus heterophyllus Lam. ;Castaña , Jack-fruit ;Moraceae 
Aspidosperma megalocarpon Mull. Arg. ;Amargo , Cara de tigre , Caretigre , Golondrino , Volador ;Apocynaceae 
Aspidosperma myristicifolium (Markgr.) Woodson ;Amargo , Caja  , Cara de tigre , Caretigre , Costilla de danto ;Apocynaceae 
Aspidosperma spruceanum Benth. ex Mull. Arg. ;Amargo , Amargo colorado , Manglillo , Pintura de indio  , Simarruda , Varalta ;Apocynaceae 
Asterogyne martiana (H. Wendl.) H. Wendl. ex ;Suita ;Arecaceae 
Astrocaryium alatum H. F. Loomis ;Coyolillo ;Arecaceae 
Astrocaryum standleyanum L. H. Bailey ;Peyibaye de montaña Chontadura ;Arecaceae 
Astronium graveolens Jacq. ;Comenegro , Gateado , Jaco , Jacobillo , Jocote de fraile , Jovillo , Masicarán , Ron ron , Ronron ;Anacardiaceae 
Attalea butyracea (Mutis ex) L. f. Wess. B ;Corozo , Palma real , Palma real ;Arecaceae 
Averrhoa carambola L. ;Carambola ;Averrhoaceae 
Avicennia bicolor Standl. ;Mangle , Mangle salado ;Verbenaceae 
Avicennia germinans (L.) L. ;Culamate , Culumate , Mangle , Mangle negro Mangle salado , Mangle salsa , Palo de sal , Palo salado ;Verbenaceae 
Azadirachta indica A. Juss. ;Neem , Nim ;Meliaceae 
Bactris gasipaes Kunth ;Pejibaye ;Arecaceae 
Bactris major Jacq. ;Biscoyol Huizcoyol ;Arecaceae 
Balizia elegans (Ducke) Barneby & J. W. G ;Ajillo , Ajillo , Ardillo , Guabo , Ojo de gringo , Tamarindo Tamarindo de montaña ;Fabaceae-Mim. 
Batocarpus costaricensis Standl. & L. O. Williams ;Lechillo , Ojoche macho , Ojoche negro , Ojochillo , Ratón , Ratón suave , Suaw ;Moraceae 
Bauhinia purpurea L. ;Casco de venado , Matrimonio , Orquídea de pobre ;Fabaceae-Caes. 
Bauhinia ungulata L. ;Casco de venado ;Fabaceae-Caes. 
Beilschmiedia anay (S. F. Blake) Kosterm. ;Aguacatón Quizarrá ;Lauraceae 
Beilschmiedia ovalis (S. F. Blake) C. K. Allen ;Quizarrá ;Lauraceae 
Beilschmiedia pendula (Sw.) Hemsl. ;Quizarrá ;Lauraceae 
Beilschmiedia sulcata (Ruiz & Pav.) Kosterm. ;Quizarrá ;Lauraceae 
Bernoullia flammea Oliv. ;Queso fresco Yuco ;Bombacaeae 
Billia colombiana Planch. & Lindl. ;Cachimbó Cucaracho , Guatusa , Guatuzo ;Hipposcastanaceae 
Billia colombiana Planch. & Lindl. ;Ira , Ira zapote , Ocora , Ocora , Resina ;Hipposcastanaceae 
Billia hippocastanum Peyr. ;Cachimba , Cachimbó , Cocora , Cucaracho , Guatuzo , Ira zapote , Ocora , Resina , Resino ;Hipposcastanaceae 
Bixa orellana L. ;Achiote Achote ;Bixaceae 
Bixa urucurana Willd. ;Achiote Achote ;Bixaceae 
Bombacopsis quinata (Jacq.) Dugand ;Cedro pochote Pochote ;Bombacaeae 
Bombacopsis sessilis (Benth.) Pittier ;Ceibilla , Ceibo verde , Pochote , Pochote pelado ;Bombacaeae 
Borojoa spp ;Guayaba de mono ;Rubiaceae 
Bravaisia integerrima (Spreng.) Standl. ;Ira mangle Mangle blanco , Mangle de agua , Manguillo , Palo de agua ;Acanthaceae 
Bromelia pinguin L. ;Piñuela ;Bromeliaceae 
Brosimum alicastrum Sw. ;Lechoso , Ojoche , Ojoche de fruta ;Moraceae 
Brosimum costaricanum Liebm. ;Bë Kòke , Lechoso , Morillo , Ojoche , Ojoche lechoso , Ojoche macho ;Moraceae 
Brosimum costaricanum Liebm. ;Ojochillo , Ojochillo amarillo Shubi ;Moraceae 
Brosimum guianense (Aubl.) Huber ;Azulillo , Granadillo Mariabe , Ojoche , Ojoche blanco ;Moraceae 
Brosimun lactescens (S. Moore) C. C. Berg ;Ojoche , Ojoche , Ojoche blanco , Ojochiyo ;Moraceae 
Brosimun utile (Kunth) Oken ;Árbol de leche , Baco , Baco lechoso , Datsi , Köke , Kokí , Kooche , Lechoso , Mastate Palo de leche , Sháliklo , Shontsi , Shwali , Tsalliklo , Vaco ;Moraceae 
Brunellia costaricensis Standl. ;Cedrillo ;Brunelliaceae 
Brunellia hygrotermica Cuatrec. ;Cedrillo ;Brunelliaceae 
Buchenavia costaricensis Stace ;Amarillón , Escobo , Roble coral ;Combretaceae 
Buchenavia tetraphylla (Aubl.) R. A. Howard ;Amarillón ;Combretaceae 
Buconia frutescens L. ;Guacamaya , Papagayo  , Papayillo , Tabaquillo ;Papaveraceae 
Buddleia americana L. ;Salva , Salvia , Hoja de salvia ;Loganiaceae 
Bunchosia spp ;Cerezo ;Malpighiaceae 
Bursera graveolens (Kunth) Triana & Planch. ;Caraña ;Burseraceae 
Bursera simaruba (L.) Sarg. ;Almácigo , Árbol del turista , Caraño , Indio desnudo , Indio pelado , Jicoa , Jicote , Jinocuabe , Jiñocuabe , Jiñote , Kölo kámoli , Liñocuaby Papelillo ;Burseraceae 
Bursera tomentosa (Jacq.) Triana & Planch. ;Caraño , Indio , Indio plateado ;Burseraceae 
Byrsonima crassifolia (L.) Kunth ;Nance , Nancite , Tsiki ;Malpighiaceae 
Byrsonima crispa A. Juss. ;Nance de montaña ;Malpighiaceae 
Caesalpinia eriostachys DC. ;Palo de sahíno , Palo de sajino , Sahíno , Sahíno , Sainillo , Saino , Saíno de playa , Sajino , Zahíno , Zaíno ;Fabaceae-Caes. 
Caesalpinia exostermma DC. ;Malinchillo ;Fabaceae-Caes. 
Caesalpinia pulcherrima (L.) Sw. ;Clavelina , Hoja sen , Malinche , Malinche falso ;Fabaceae-Caes. 
Calatola costaricensis Standl. ;Azulillo Coquito , Cucaracho , Duraznillo , Guatil , Palo azul , Palo de papa ;Icacinaceae 
Calatola costaricensis Standl. ;Tapaculo ;Icacinaceae 
Callistemon lanceolatus DC. ;Hisopo ;Myrtaceae 
Calophyllum brasiliense Cambess. ;Cedro maría , Jorco , María , María blanco , María colorado , Palo maría , Santamaría ;Clusiaceae 
Calophyllum longifolium Willd. ;Cedro María , María , María colorado , Palo de maría , Santamaría ;Clusiaceae 
Calycophyllum candidissimun (Vahl) DC. ;Colorado Conchudo , Conejo , Madroño , Sálamo , Surá , Surra ;Rubiaceae 
Calyptrogyne ghiesbreghtiana (Linden & H. Wendl.) H. W ;Cola de gallo ;Arecaceae 
Campnosperma panamensis Standl. ;Orey ;Anacardiaceae 
Cananga odorata (Lam.) Hook. f. & Thompson ;Ilang-ilang ;Annonaceae 
Carapa guianensis Aubl. ;Bateo , Bogamani , Cahoba , Caoba , Caobilla Cedro bateo , Cedro cóbano , Cedro macho , Cóbano , Ocora , Palo de agua , Surirla , Tlublö ;Meliaceae 
Carica papaya L. ;Papaya ;Caricaceae 
Cariniana pyriformis Mirs. ;Jícaro ;Lecythidaceae 
Carludovica palmata Ruiz & Pav. ;Estococa , Palma de sombrero ;Cyclanthaceae 
Carpotroche platyptera Pittier ;Manga larguilla ;Flacourtiaceae 
Caryocar costaricense Donn. Sm. ;Ají , Ajillo , Ajo , Manú , Plátano , Plomillo ;Caryocaraceae 
Caryodaphnopsis burgeri N. Zamora & Poveda ;Cirrí , Cocobola , Quirá ;Lauraceae 
Caryota mitis Lour. ;Cola de pez ;Arecaceae 
Caryota urens L. ;Palma cola de pez ;Arecaceae 
Casearia arborea (Rich.) Urb. ;Anonillo , Blanco , Flaco , Flaco colorado , Manga larga , Manga larguilla , Yaya ;Flacourtiaceae 
Casearia corymbosa Kunth ;Blanco , Cerillo , Cerito , Plomillo , Raspalengua ;Flacourtiaceae 
Casearia sylvestris Sw. ;Huesillo Plomillo , Purrá , Quiubra ;Flacourtiaceae 
Casimiroa edulis La llave & Lex. ;Matasano Tapaculo ;Rutaceae 
Cassia fistula L. ;Caña fístula Cañafistula ;Fabaceae-Caes. 
Cassia grandis L. f. ;Carao , Carao , Carol , Carulo , Sandal , Sandal caballo , Sandal extranjero , Sandal llanero , Sandalo , Santal , Stinking toe ;Fabaceae-Caes. 
Castilla elastica Sesse ;Hule , Hule , Palo de hule , Shiníklo , Tsini , Tsuní kali ;Moraceae 
Castilla tunu Hemsl. ;Hule  , Hule macho ;Moraceae 
Casuarina equisetifolia J. R. Forst. ;Casuarina , Pino , Pino australiano , Pino de Australia , Pino de los tontos , Silbador ;Casuarinaceae 
Cavanillesia platanifolia (Bonpl.) Kunth ;Cuipo ;Bombacaeae 
Cecropia insignis Liebm. ;Guarumo , Guarumo blanco ;Cecropiaceae 
Cecropia obtusifolia Bertol. ;Guarumo ;Cecropiaceae 
Cecropia peltata L. ;Guarumo ;Cecropiaceae 
Cecropia spp ;Guarumo ;Cecropiaceae 
Cedrela fissilis Vell. ;Cedro real ;Meliaceae 
Cedrela odorata L. ;Cedro  , Cedro amargo ;Meliaceae 
Cedrela salvadorensis Standl. ;Cedro , Cedro colorado ;Meliaceae 
Cedrela tonduzii C. DC. ;Cedro , Cedro atlántico , Cedro cóbano Cedro colorado , Cedro del Atlántico , Cedro dulce Cedro real ;Meliaceae 
Ceiba aesculifolia (Kunth) Britton & Baker ;Pochote de pelota ;Bombacaeae 
Ceiba pentandra (L.) Gaertn. ;Ceiba , Pulí Puri , Tkulí ;Bombacaeae 
Cespedesia macrophylla Seem. ;Cola de pavo , Espavel colorado Tabacón ;Ochnaceae 
Cestrum lanatum M. Martens & Galeotti ;Zorrillo blanco ;Solanaceae 
Chamaedorea costaricana Oerts. ;Pacaya ;Arecaceae 
Chimarrhis latifolia Standl. ;Cuajada , Jagua amarillo , Manu , Pejibayito , Plátano amarillo , Yema de huevo ;Rubiaceae 
Chimarrhis parviflora Standl. ;Cuajada , Manú , Pejibayito , Yema de huevo ;Rubiaceae 
Chione sylvicola (Standl.) W. C. Burger ;Fruta de pava ;Rubiaceae 
Chloroleucon eurycyclum Barneby & J. W. Grimes ;Cashá , Espino amarillo , Espino blanco ;Fabaceae-Mim. 
Chomelia spinosa Jacq. ;Chocolatico Malacahuite ;Rubiaceae 
Christiana africana DC. ;Piedra ;Tiliaceae 
Chrysalidocarpus lutescens H. Wendl. ;Palma múltiple Eureca ;Arecaceae 
Chrysobalanus icaco L. ;Icaco ;Chrysobalanaceae 
Chrysophyllum argenteum Jacq. ;Caimito de montaña ;Sapotaceae 
Chrysophyllum cainito L. ;Caimito Sokuikuo ;Sapotaceae 
Cinchona pubescens Vahl. ;Quina ;Rubiaceae 
Cinnamomum cinnamomifolium (Kunth) Kosterm. ;Aguacatillo ;Lauraceae 
Citharexylum donnell-smithii Greenm. ;Dama , Huelenoche ;Verbenaceae 
Citrus aurantifolia (Christm.) Swingle ;Ash skosko , Limóm pondoroso , Limón , Limón ácido , Limón agrio , Namól ;Rutaceae 
Citrus sinensis (L.) Osbeck ;Ash , Naranja dulce , Naranja dulce , Naranjo , Naranjo dulce ;Rutaceae 
Cleidion castaneifolium Muli. Arg. ;Hojancha ;Euphorbiaceae 
Clethra mexicana A. DC. ;Nance , Nance macho ;Clethraceae 
Cleyera theioides (Sw.) Choisy ;Tito ;Theaceae 
Cleyera theioides (Sw.) Choisy ;Titora , Títora ;Theaceae 
Clusia rosea Jacq. ;Copey Matapalo ;Clusiaceae 
Clusia rotundata Standl. ;Copey ;Clusiaceae 
Clusia spp ;Copey ;Clusiaceae 
Cnidoscolus aconitifolius (Mill.) I. M. Johnst. ;Chicasquil ;Euphorbiaceae 
Coccoloba standleyana P. H. Allen ;Uva de playa ;Polygonaceae 
Coccoloba guanacastensis W. C. Burger ;Cepa , Uva de playa ;Polygonaceae 
Coccoloba tuerkheimii Donn. Sm. ;Alma negra , Irayol de montaña , Piedra , Quebracho , Zapatón ;Polygonaceae 
Cochlospermum vitifolium (Willd.) Spreng. ;Broó , Poro poro , Poroporo ;Cochlospermaceae 
Cocos nucifera L. ;Coco , Cocotero ;Arecaceae 
Codiaeum variegatum (L.) Blume ;Cortón , Crotomí , Crótomo , Croton Grave tree , Oro , Palo de oro ;Euphorbiaceae 
Cojoba arborea (L.) Britton & Rose ;Ardillo , Conchudo , Lorito ;Fabaceae-Mim. 
Conceveiba pleiostemona Donn. Sm. ;Algodón , Algodoncillo , Chasparrio , Chayotillo , Pilón blanco , Saravio ;Euphorbiaceae 
Conocarpus erectus L. ;Botón , Botoncillo , Mangle , Mangle botón Mangle botoncillo , Mangle mariquita ;Combretaceae 
Conocarpus erectus L. ;Mangle mariquito , Mangle negro , Mangle torcido ;Combretaceae 
Conostegia oerstediana O. Berg ex Triana ;Cantarillo , Mariquilla ;Melastomataceae 
Conostegia sp. ;Lengua de vaca ;Melastomataceae 
Conostegia xalapensis (Bonpl.) D. Don ;Lengua de gato Lengua de vaca , Uña de gato ;Melastomataceae 
Copaifera aromatica Dwyer ;Camíbar ;Fabaceae-Caes. 
Copaifera camibar Poveda, N. Zamora & P. E. ;Camíbar ;Fabaceae-Caes. 
Cordia alliodora (Ruiz & Pav.) Oken ;Laurel , Laurel negro , Molenito , Onión , Yawé , Yëwë , Yuë ;Boraginaceae 
Cordia bicolor A. DC. ;Bernabé Muñeco ;Boraginaceae 
Cordia collococca L. ;Babas y mocos , Buriogre , Buriogre amarillo , Buriogre de montaña , Muñeco ;Boraginaceae 
Cordia cymosa (Donn. Sm.) Standl. ;Muñeco ;Boraginaceae 
Cordia dentata Poir. ;Tiguilote ;Boraginaceae 
Cordia dwyeri Nowicke. ;Laurel ;Boraginaceae 
Cordia eriostigma Pittier ;Laurel , Laurel muñeco , Muñeco ;Boraginaceae 
Cordia gerascanthus L. ;Akywí , Laurel mastate , Laurel negro , Muñeco blanco , Yawé , Yuwë ;Boraginaceae 
Cordia lucida I. M. Johnst. ;Laurel ;Boraginaceae 
Cordia megalantha S. F. Blake ;Laurel , Laurel amarillo Mastate ;Boraginaceae 
Cordyline fruticosa (L.) A. Chev. ;Caña de indio ;Asteliaceae 
Cornus disciflora DC. ;Lloró Llorón ;Cornaceae 
Corypha umbraculifera L. ;Palma talipot ;Arecaceae 
Couma macrocarpa Barb. Rodr. ;Baco , Leche de vaca ;Apocynaceae 
Couratari guianensis Aubl. ;Amarillón , Burillón , Cachimbo , Cachimbo hediondo , Campano blanco , Copo hediondo , Tinajito ;Lecythidaceae 
Couratari scottmorii Prance ;Cachimbo , Copo hediondo Matasano ;Lecythidaceae 
Couropita guianensis Aubl. ;Bala de cañón ;Lecythidaceae 
Couropita nicaraguensis DC. ;Bala de cañón , Zapote de concha , Zapote de mico ;Lecythidaceae 
Coussapoa villosa Poepp. & Endl. ;Montano ;Cecropiaceae 
Crateva tapia palmira Rose ;Ajillo , Manglillo , Muñeco , Tres dedos ;Capparidaceae 
Crescentia alata Kunth ;Jícara  , Jicarillo , Jícaro , Jícaro sabanero , Me , Raspaguacal , Sacaguacal ;Bignoniaceae 
Crescentia cujete L. ;Calabacero , Calabazo , Carito , Guacal , Jicaro , Jícaro , Jícaro de monte , Me , Melón Nambino , Raspaguacal ;Bignoniaceae 
Crescentia cujete L. ;Sacaguacal Tiquí ;Bignoniaceae 
Croton draco Cham. & Schltdl. ;Targuá , Tataraguá ;Euphorbiaceae 
Croton niveus Jacq. ;Colpachí , Copachí , Corpachí ;Euphorbiaceae 
Croton schiedeanus Schltdl. ;Colpachí Copalchí  ;Euphorbiaceae 
Croton smithianus Croizat ;Algodoncillo Balsilla ;Euphorbiaceae 
Croton spp ;Targuá ;Euphorbiaceae 
Cryosophila guagara P. H. Allen ;Guágara ;Arecaceae 
Cryosophila warscewicsii (H. Wendl.) Burret ;Palmera de escoba ;Arecaceae 
Cupania glabra Sw. ;Carne asada , Cascua , Cascuá , Güecillo , Tres huevos ;Sapindaceae 
Cupania guatemalensis (Turcz.) Radlk. ;Cantarillo , Carne asada , Cotorrera , Huesillo , Manteco , Pozodillo  , Tarsana ;Sapindaceae 
Cupressus lusitanica Mill. ;Ciprés  , Ciprés mexicano ;Cupressaceae 
Curatella americana L. ;Chaparro , Chumico , Chumico de palo , Hoja de chigüe , Lija , Raspaguacal , Raspa-guacal , Yahal , Yajal ;Dilleniaceae 
Cybistax donnell-smithii (Rose) Seibert ;Primavera ;Bignoniaceae 
Cycas circinalis L. ;Cyca ;Cycadaceae 
Cycas revoluta Thunb. ;Cyca ;Cycadaceae 
Cynometra hemitomophylla (Donn. Sm.) Britton & Ros ;Aceitillo , Caracolillo ;Fabaceae-Caes. 
Cynometra hemitomophylla (Donn. Sm.) Britton & Ros ;Cativo , Guapinol negro ;Fabaceae-Caes. 
Cynometra retusa Britton & Rose ;Guapinol negro ;Fabaceae-Caes. 
Cyrtostachys renda Blume ;Palma de lacre ;Arecaceae 
Dalbergia glomerata Hemsl. ;Granadillo ;Fabaceae-Pap. 
Dalbergia melanocardium Pittier ;Cocobolo Cristobal ;Fabaceae-Pap. 
Dalbergia retusa Hemsl. ;Cachimbo , Cocobola , Cocobolo , Ñambar ;Fabaceae-Pap. 
Delonix regia (Bojer) Raf. ;Clavelina , Clavellina Flamboyán , Framboyán , Malinche ;Fabaceae-Caes. 
Dendropanax arboreus (L.) Decne. & Planch. ;Cacho de venado , Fosforillo , Mastate , Matagente , Palomo , Palomo , Volador , Zopilote ;Araliaceae 
Desmoncus costaricensis (Kuntze) Burret ;Desmoncus ;Arecaceae 
Dialium guianense (Aubl.) Sandwith ;Alfeñique , Comenegro , Fierrillo , Paludismo , Sangrillo , Sangrillo negro , Tamarindo , Tamarindo de montaña ;Fabaceae-Caes. 
Dilodendron costaricense (Radlk.) A. H. Gentry & S ;Casarillo , Comenegro , Gallinazo , Iguano , Loro , Quiebrahacha ;Sapindaceae 
Diospyros salicifolia Willd. ;Nanciguiste ;Ebenaceae 
Diphysa americana (Mill.) M. Sousa ;Guachipelín  ;Fabaceae-Pap. 
Dipteryx panamensis (Pittier) Record & Mell ;Almendro ;Fabaceae-Pap. 
Dipteryx panamensis (Pittier) Record & Mell ;Almendro amarillo , Almendro de montaña , Almendro papayo , Almendrón , Brok , Dayëkalí , Eboe ;Fabaceae-Pap. 
Dracaena fragrans (L.) Ker Gawl. ;Dracaema ;Dracaenaceae 
Drimys granadensis L.f. ;Chile Chile muelo , Muelo , Quiebramuelas ;Winteraceae 
Drypetes glauca Vahl ;Asolillo Sardinillo ;Euphorbiaceae 
Dussia cuscatlanica (Standl.) Standl. & Steye ;Sangrillo , Sangrillo amarillo , Targuayuyo , Targuayuyo amarillo , Targuayuyo blanco , Targuayuyo marillo ;Fabaceae-Pap. 
Dussia macroprophyllata (Donn. Sm.) Harms ;Bateo , Frijolón , Granadillo , Paleta carey , Sangregao , Sangrillo , Sangrillo amarillo , Targuayugo , Targuayugo amarillo , Targuayugo blanco ;Fabaceae-Pap. 
Dussia tessmannii Harms ;Frijolón Sangrillo ;Fabaceae-Pap. 
Dystomovita paniculata (Donn. Sm.) Hammel ;Mangle colorado ;Clusiaceae 
Elaeis guineensis Jacq. ;Palma africana Palma de aceite ;Arecaceae 
Elaeis oleifera (Kunth) Cortes ;Corozo Palmiche ;Arecaceae 
Elaeoluma glabrescens (Mart. & Eichler) Aubrev. ;Carey ;Sapotaceae 
Enterolobium cyclocarpum (Jacq.) Griseb. ;Choreja , Genízaro , Guanacaste , Jarina ;Fabaceae-Mim. 
Enterolobium cyclocarpum (Jacq.) Griseb. ;Jariña , Kili , Kolo , Kölö , Kyër , Soró ;Fabaceae-Mim. 
Enterolobium schomburgkii (Benth.) Benth. ;Guanacaste , Guanacaste blanco , Guanacaste macho , Guanacastillo ;Fabaceae-Mim. 
Eriobotrya japonica (Thunb.) Lindl.  ;Níspero , Níspero de  Japón ;Rosaceae 
Erythrina cochleata Standl. ;Poro  ;Fabaceae-Pap. 
Erythrina costaricensis Micheli ;Poró ;Fabaceae-Pap. 
Erythrina fusca Lour. ;Poro , Poró blanco ;Fabaceae-Pap. 
Erythrina poeppigiana (Walp.) O. F. Cook ;Bucare , Poró , Poró extranjero , Poró gigante ;Fabaceae-Pap. 
Erythrina spp ;Poró ;Fabaceae-Pap. 
Escallonia myrtilloides L. f. ;Arrayán amarillo , Cipresillo , Cipreso , Guitemonte , Madroño ;Grossulariaceae 
Eschweilera calyculata Pittier ;Comenegro , Matacansado , Repollito , Sombrerito ;Lecythidaceae 
Eucalyptus camaldulensis Dehnhardt. ;Eucalipo ;Myrtaceae 
Eucalyptus deglupta Blume ;Eucalipo ;Myrtaceae 
Eucalyptus globulos Labill. ;Eucalipo ;Myrtaceae 
Eucalyptus grandis Hill ex Maid ;Eucalipo ;Myrtaceae 
Eucalyptus robusta Smith. ;Eucalipo ;Myrtaceae 
Eucalyptus saligna Sm. ;Eucalipo ;Myrtaceae 
Eucalyptus spp ;Eucalipto ;Myrtaceae 
Eugenia costaricensis O. Berg ;Eugenia , Guayabillo , Murta , Turrú ;Myrtaceae 
Eugenia hiraeifolia Donn. Sm. ;Fruta de pava ;Myrtaceae 
Eugenia hiraeifolia Donn. Sm. ;Molidero ;Myrtaceae 
Eugenia spp ;Guayabilla Murta ;Myrtaceae 
Euphorbia cotinifolia L. ;Barbasco , Barrabás , Barrabás ;Euphorbiaceae 
Euphorbia leucocephala Lotsy ;Pascuita ;Euphorbiaceae 
Euphorbia pulcherrima Willd. ;Pastora ;Euphorbiaceae 
Euterpe precatoria Mart. ;Palmito , Palmitto dulce ;Arecaceae 
Faramea occidentalis (L.) A. Rich. ;Cafecillo ;Rubiaceae 
Ferdinandusa panamensis Standl. & L. O. Williams ;Cafecillo ;Rubiaceae 
Ficus benjamina L. ;Laurel de la India ;Moraceae 
Ficus costaricana (Liebm.) Miq. ;Higuerón ;Moraceae 
Ficus elastica Roxb. ;Árbol de Hule , Ficus , Hule ;Moraceae 
Ficus insipida Willd. ;Chilamate Chilamatón ;Moraceae 
Ficus spp ;Higo , Higuerón ;Moraceae 
Ficus tonduzii Standl. ;Batsu , Chilamate , Higuerón ;Moraceae 
Ficus werckleana Rossberg ;Chilamate ;Moraceae 
Ficus yoponensis Desv. ;Chilamate Higuerón ;Moraceae 
Fraxinus uhdei (Wenz.) Linglesh. ;Fresno ;Oleaceae  
Garcinia intermedia (Pittier) Hammel ;Jorco , Jorco , Limón de montaña , Manzana amarilla , Zatra ;Clusiaceae 
Garcinia mangostana L. ;Mangostán ;Clusiaceae 
Genipa americana L. ;Guaitil , Guaitil blanco , Tabacón , Tapa culo , Tapaculo ;Rubiaceae 
Geonoma congesta H. Wendl. ex Spruce ;Caña de danta ;Arecaceae 
Geonoma interrupta (Ruiz & Pav.) Mart. ;Súrtuba ;Arecaceae 
Gliricidia sepium (Jacq.) Kunth ex Walp. e ;Káldlö ;Fabaceae-Pap. 
Gliricidia sepium (Jacq.) Kunth ex Walp. e ;Kaldloolö , Madera , Madero , Madero amarillo , Madero blanco , Madero negro , Madre de cacao , Sangre de drago ;Fabaceae-Pap. 
Gmelina arborea (L.) Roxb. ;Melina ;Viticaceae 
Godmania aesculifolia (Kunth) Standl. ;Cacho de venado Corteza de chivo ;Bignoniaceae 
Goethalsia meiantha (Donn. Sm.) Burret ;Chancho blanco , Guácimo , Guácimo blanco , Juanilama ;Tiliaceae 
Gordonia brandegeei H. Keng ;Campano , Lloró , Llorón ;Theaceae 
Gordonia fruticosa (Schrad.) H. Keng ;Campano , Campano blanco , Campano chile , Ira chiricana , Ira colorado ;Theaceae 
Grevillea robusta A. Cunn. ;Gravilea , Grevilia ;Proteaceae 
Grias cauliflora L. ;Tabacón ;Lecythidaceae 
Guaiacum sanctum L. ;Guayabón real , Guayacán , Guayacán real ;Zygophyllaceae 
Guarea bullata Radlk. ;Conejo ;Meliaceae 
Guarea glabra Vahl ;Chuchupate , Cocora , Cocorilla , Pocora ;Meliaceae 
Guarea grandifolia DC. ;Cedro macho ;Meliaceae 
Guarea guidonia (L.) Sleumer ;Caobilla , Carbonero , Cocora , Cola de pava , Ocoro , Pocora , Pocorilla ;Meliaceae 
Guarea kunthiana A. Juss. ;Pocora ;Meliaceae 
Guarea rhopalocarpa Radlk. ;Cocora , Ocora , Pocora ;Meliaceae 
Guarea sp ;Caobilla ;Meliaceae 
Guatteria amplifolia Triana & Planch. ;Anonillo , Anonillo negro ;Annonaceae 
Guatteria chiriquiensis R. E. Fr. ;Babanito , Bananito , Burío , Malaqueto , Söl ;Annonaceae 
Guazuma ulmifolia Lam. ;Capulín , Guácimo Guácimo ardilla , Guácimo blanco , Guácimo ternero , Hembra , Varablanca ;Sterculiaceae 
Guettarda macrosperma Donn. Sm. ;Madroño negro ;Rubiaceae 
Guettarda turrialbana N. Zamora & Poveda ;Madroño ;Rubiaceae 
Haematoxylum brasiletto H. Karst. ;Azulillo , Brasil , Palo brasil ;Fabaceae-Caes. 
Hamelia patens Jacq. ;Añilito , Arrocillo , Cachimbillo , Canela , Clavillo  ;Rubiaceae 
Hampea appendiculata (Donn. Sm.) Standl. ;Algodoncillo , Burio , Burio blanco , Buriogre ;Malvaceae 
Hampea platanifolia  Standl. ;Majagua ;Malvaceae 
Hasseltia floribunda Kunth ;Canfinillo , Chancho blanco , Guatuza Ira carne , Laurel , Muñeco ;Flacourtiaceae 
Hauya lucida Donn. Sm. & Rose ;Guayabón real Subús ;Onagraceae 
Hauya lucida Donn. Sm. & Rose ;Supara , Surá , Tubús ;Onagraceae 
Hedyosmum bonplandianum Kunth ;Aguillo ;Chrolanthaceae 
Hedyosmum mexicanum C. Cordem. ;Aguillo , Manglillo , Pina , Pinilla , Varablanca ;Chrolanthaceae 
Heliocarpus appendiculatus Turcz. ;Burillo , Coloradito ;Tiliaceae 
Heliocarpus spp ;Burío ;Tiliaceae 
Hernandia didymantha Donn. Sm. ;Burío , Laurel , Mastate , Muñeco , Zoncho , Zopilote ;Hernandiaceae 
Hernandia stenura Standl. ;Zopilote ;Hernandiaceae 
Herrania purpurea (Pittier) R. E. Shult. ;Cacao de ardilla , Cacao de mono , Cacao de monte , Caco de mico , Tusiro ;Sterculiaceae 
Hevea brasiliensis Mull. Arg. ;Hule ;Euphorbiaceae 
Hibiscus pernambucensis Arruda ;Hule ;Malvaceae 
Homalium racemosum Jacq. ;Espino blanco ;Flacourtiaceae 
Huberodendron allenii Standl. & L. O. Williams ;Amor de suegra , Cucharilla , Gambudo , Poponjoche ;Bombacaeae 
Humiriastrum diguense Cuatrec. ;Chiricano , Chiricano triste , Lorito , Níspero ;Humiriaceae 
Hura crepitans L. ;Ascá , Comenegro , Jabillo , Mancitón , Pilón ;Euphorbiaceae 
Hyeronima alchorneoides Allemao ;Ascá Báchöl ;Euphorbiaceae 
Hyeronima alchorneoides Allemao ;Bchölklú , Comenegro , Jabillo , Kikalá , Pilón , Sanbox , Sangre de toro ;Euphorbiaceae 
Hyeronima oblonga (Tul.) Mull. Arg. ;Algodoncillo , Campano , Chile , Cucaracho , Ecoth ebo , Kúlök , Kurock , Mancitón , Pilón , Piloncillo , White cedar ;Euphorbiaceae 
Hyeronima poasana Standl. ;Nancitón ;Euphorbiaceae 
Hymenaea courbaril L. ;Algarrobo , Cuapinol , Guapinol , Guapinol negro , Nancitón , Zapatero ;Fabaceae-Caes. 
Hymenolobium mesoamericanum H. C. Lima ;Cola de pavo ;Fabaceae-Pap. 
Ilex skutchii Edwin ex T. R. Dudley & W. ;Campano Campano blanco , Espino blanco , Plomillo ;Aquifoliaceae 
Inga spp  ;Guaba ;Fabaceae-Mim. 
Inga vera Willd. ;Guaba , Guaba colorada , Guaba ron ron ;Fabaceae-Mim. 
Iriartea deltoidea Ruiz & Pav. ;Chonta , Maquenque , Palmilera ;Arecaceae 
Jacaranda copaia (Aubl.) D. Don ;Buho , Gallinazo , Jacaranda ;Bignoniaceae 
Jacaratia dolichaula (Donn. Sm.) Woodson ;Ceiba papaya Palo de barril ;Caricaceae 
Jacaratia dolichaula (Donn. Sm.) Woodson ;Papaya de monte , Papayillo , Papayillo de monte ;Caricaceae 
Jacaratia spinosa (Aubl.) DC.  ;Ceibo papaya , Papaya almendro , Papaya bongo , Papaya de monte , Papaya de venado ;Caricaceae 
Jacquinia nervosa C. Presl. ;Burriquita , Siempreverde , Siempreviva ;Theophrastraceae 
Jaracanda mimosifolia D. Don ;Jacaranda Nazareno ;Bignoniaceae 
Juglans olanchana Standl. & L. O. Williams ;Nogal ;Juglandaceae 
Karwinskia calderonii Standl. ;Chiliguiste  Guiliguiste ;Rhamnaceae 
Lacmellea panamensis (Woodson) Markgr. ;Alcabú , Cerillo , Chicloso , Espinudo , Lagartillo negro , Largarto negro , Leche de vaca ;Apocynaceae 
Lacunaria panamensis (Standl.) Standl. ;Manglillo ;Quinaceae 
Laetia procera (Poepp.) Eichler ;Camarón , Espino amarillo , Manga larga , Manga larga blanca , Manga larga roja , Mangalarga blanca , Mangle ;Flacourtiaceae 
Lafoensia punicifolia DC. ;Amarillito , Amarillo , Amarillón , Bambito , Carbonero , Cascarillo , Palomo , Plomo , San Juanillo ;Lythraceae 
Lagerstroemia indica L. ;Júpiter ;Lythraceae 
Lagerstroemia speciosa (L.) Pers. ;Orgullo de la India , Aceituno falso , Alcornoco , Alcornoque , Camarón , Canilla de mula , Cuero de sapo , Falso roble , Roble , Roble blanco ;Lythraceae 
Licania hypoleuca Benth. ;Cenizo , Cuero de sapo ;Chrysobalanaceae 
Licania operculipetala Standl. & L. O. Williams ;Camarón , Zapotillo ;Chrysobalanaceae 
Licania platypus (Hemsl.) Fritsch ;Sonzapote Zapote mechudo Zonzapote ;Chrysobalanaceae 
Licaria cufodontisii Kosterm. ;Canelo ;Lauraceae 
Licaria excelsa Kosterm. ;Canelo ;Lauraceae 
Licaria multinervis Holger Kurz ;Quina , Quizarrá quina ;Lauraceae 
Licuala grandis H. Wendl. ;Palma ;Arecaceae 
Licuala spinosa Thunb. ;Palma ;Arecaceae 
Ligustrum lucidum Aiton ;Trueno ;Oleaceae 
Lippia myriocephala Schltdl. & Cham. ;Caraigre ;Verbenaceae 
Lippia torresii Standl. ;Caraigre ;Verbenaceae 
Liquidambar styraciflua L. ;Liquidanbar ;Hamamelidaceae 
Livistona chinensis (Jacq.) R. Br. ex Mart. ;Palma de abanico de China ;Arecaceae 
Livistona saribus (Lour.) Merr. ex  A. Chev. ;Palma ;Arecaceae 
Lonchocarpus atropurpureus Benth. ;Chaperno ;Fabaceae-Pap. 
Laguncularia racemosa (L.) C. F. Gaertn. ;Mangle , Mangle blanco , Mangle mariquita , Mangle salado , Mariquita Palo de sal , Palo salado ;Combretaceae 
Latania lontaroides (Gaertn.) H. E. Moore ;Palma ;Arecaceae 
Lecointea amazonica Ducke ;Caja , Costilla de danta , Costilla de danto ;Fabaceae-Pap. 
Lecythis ampla Miers ;Almedro papayo , Cachimbo , Jícaro Olla de mono , Papayón ;Lecythidaceae 
Lecythis mesophylla S. A. Mori ;Jícaro ;Lecythidaceae 
Lennea viridiflora Seem. ;Madero negro de montaña ;Fabaceae-Pap. 
Leucaena leucocephala (Lam.) de Wit ;Ipil Ipil , Leucaena ;Fabaceae-Mim. 
Licania affinis Fritsch ;Cuero de sapo ;Chrysobalanaceae
Licania arborea Seem.;Aceituno ;Chrysobalanaceae
Lonchocarpus costaricensis (Donn. Sm.) Pittier ;Chaperno , Corteza de venado , Pava , Siete cueros ;Fabaceae-Pap. 
Lonchocarpus felipei N. Zamora ;Chaperno ;Fabaceae-Pap. 
Lonchocarpus ferrugineus M. Sousa ;Comenegro ;Fabaceae-Pap. 
Lonchocarpus minimiflorus Donn. Sm. ;Chapernillo Chaperno ;Fabaceae-Pap. 
Lonchocarpus rugosus Benth. ;Carao macho , Cola de pavo , Comenegro , Frijolillo , Sandal macho , Sandalo , Sandalo macho ;Fabaceae-Pap. 
Luehea candida (DC.) Mart. ;Guácimo , Guácimo molenillo Molenillo ;Tiliaceae 
Luehea seemannii Triana & Planch. ;Guácimo , Guácimo colorado , Guácimo macho , Guácimo macho de montaña Guacimón ;Tiliaceae 
Luehea speciosa Willd. ;Gúacimo ;Tiliaceae 
Lysiloma auritum (Schltdl.) Benth. ;Quebracho ;Fabaceae-Mim. 
Lysiloma divaricatum (Jacq.) J. F. Macbr. ;Quebracho , Tamarindo de monte ;Fabaceae-Mim. 
Macadamia integrifolia Maiden & Betche  ;Macadamia ;Proteaceae 
Machaerium biovulatum Micheli ;Espino negro , Siete cueros , Uña de gato ;Fabaceae-Pap. 
Maclura tinctoria (L.) G. Don ;Brasil ;Moraceae 
Maclura tinctoria (L.) G. Don ;Mora , Palo de mora ;Moraceae 
Macrohasseltia macroterantha Standl. & L. O. Williams ;Espino blanco ;Flacourtiaceae 
Macrolobium hartshornii R. S. Cowan ;Josefino , Tamarindo de suampo  ;Fabaceae-Caes. 
Magnolia grandiflora L. ;Magnolia ;Magnoliaceae 
Magnolia poasana (Pittier) Dandy ;Candelillo Magnolia ;Magnoliaceae 
Magnolia sororum Seibert ;Candelillo Magnolia ;Magnoliaceae 
Mammea americana L. ;Mamey ;Clusiaceae 
Mangifera indica L. ;Manco de mecha , Manga Mango  , Mango agrio , Mango caribe , Mango de caite Mango de hilacha , Mango de piña , Mango de rosa , Mango mamey ;Anacardiaceae 
Manicaria saccifera Gaertn. ;Palma ;Arecaceae 
Manilkara chicle (Pittier) Gilly ;Níspero , Níspero de chicle ;Sapotaceae 
Manilkara staminodella Gilly ;Níspero ;Sapotaceae 
Manilkara zapota (L.) Royen ;Níspero , Níspero de chicle ;Sapotaceae 
Maranthes panamensis (Standl.) Prance & F. Whi ;Camarón , Pejiballe , Pejibay , Pejibayito ;Chrysobalanaceae 
Marila laxiflora Rusby ;Goma ;Clusiaceae 
Marila pluricostata Standl. & L. O. Williams ;Camarón ;Clusiaceae 
Matisia tinamastiana Estrada & Casacante ; Sin datos.;Bombacaeae 
Mauria hetorophylla Kunth ;Cirri  , Cirrí amarillo , Cirrí colorado , Jiñocuabe , Lentisco ;Anacardiaceae 
Melaleuca leucodendron ;Corcho ;Myrtaceae 
Melia azedarach L. ;Paraíso ;Meliaceae 
Melicoccus bijugatus Jacq. ;Mamón , Mamón , Mamón de Cartagena , Mamoncillo ;Sapindaceae 
Miconia argentea (Sw.) DC. ;Capilote , María , María colorada , Murta , Santamaría ;Melastomataceae 
Micropholis crotonoides (Pierre) Pierre ;Caimito , Zapotillo , Zapotillo ;Sapotaceae 
Micropholis melinoniana Pierre ;Mariabé ;Sapotaceae 
Minquartia guianensis Aubl. ;Cuajada negra , Manú , Manú negro , Manwood , Mimillo , Palo de piedra , Suré , Tsule ;Olacaceae 
Montanoa hibiscifolia Benth. ;Tora ;Asteraceae 
Mora oleifera (Triana) Ducke ;Alcornoque , Chaperno , Chaperno de suampo , Mora , Mora de mangle ;Fabaceae-Caes. 
Mortoniodendron anisophyllum (Standl.) Standl. & Steye ;Cuero de vieja ;Tiliaceae 
Mosquitoxylum jamaicense Krug & Urb. ;Cirri blanco , Cirri colorado Ciruelo ;Anacardiaceae 
Mouriri gleasoniana Standl. ex Steyerm. ;Gasparillo Gasparrillo ;Melastomataceae 
Muntingia calabura L. ;Capulín , Capulín blanco , Capulín de comer , Capulín dulce , Fruta de pava ;Tiliaceae 
Murraya paniculata (L.) Jack ;Azahar de india , Azahar de la India , Jazmín de la India , Mirto ;Rutaceae 
Murraya paniculata (L.) Jack ;Mirto , Uruca , Uruca de jardín , Uruca extranjera ;Rutaceae 
Myrcia splendens (Sw.) DC.  ;Murta ;Myrtaceae 
Myrcianthes fragrans (Sw.) McVaugh ;Arrayán , Guayabillo Murta ;Myrtaceae 
Myrospermun frutescens Jacq. ;Arco Caraño , Guachipelín blanco , Guachipelín de ratón , Guachipelín de ratón , Guachipelín ratón , Palo de arco , Papi ;Fabaceae-Pap. 
Myroxylon balsamum (L.) Harms ;Bálsamo , Bálsamo de tolú  Bálsamo del Perú , Bálsamo negro , Chirraca , Sándalo ;Fabaceae-Pap. 
Myrsine pellucido-punctata Oerst. ;Ratón ;Myrsinaceae 
Naucleopsis naga Pittier ;Amargo Quina ;Moraceae 
Nectandra cissiflora Nees ;Aguacatillo ;Lauraceae 
Nectandra cufodontisii (O. C. Schmidt) C. K. All ;Quizarrá ;Lauraceae 
Nectandra globosa (Aubl.) Mez. ;Aguacatillo , Dokro , Quina , Quizarrá , Quizarrá blanco , Quizarrá quina Sigua , Sigua amarillo ;Lauraceae 
Nectandra nitida Mez ;Aguacatillo , Quizarrá , Sigua amarillo ;Lauraceae 
Nectandra ramonensis Standl. ;Quizarrá ;Lauraceae 
Nectandra reticulata (Ruiz & Pav.) Mez ;Quizarrá , Quizarrá zopilote ;Lauraceae 
Nectandra salicifolia (Kunth) Ness ;Aguacatillo ;Lauraceae 
Nectandra salicifolia (Kunth) Ness ;Canelo , Ira , Ira colorado , Quina , Quizarrá , Quizarrá blanco , Sigua , Sigua amarillo , Sigua blanco ;Lauraceae 
Nectandra sanguinea Roland. ex Rottb ;Ira rosa , Quizarrá colorado ;Lauraceae 
Nectandra turbacensis (Kunth) Nees ;Quizarrá ;Lauraceae 
Neonicholsonia watsonii Dammer ;Palma ;Arecaceae 
Newtonia suaveolens (Miq.) Brenan ;Ardillo Iguano , Tamarindillo , Tamarindo ;Fabaceae-Mim. 
Ochroma pyramidale (Cav. ex Lam.) Urb. ;Balsa , Balso , Dachà , Dachaclö , Dichá , Enea , Enea , Kachá , Wlúklo ;Bombacaeae 
Ocotea austinii C. K. Allen ;Ira colorado ;Lauraceae 
Ocotea babosa (mal ap.) C. K. Allen ;Iras ;Lauraceae 
Ocotea brenesii Standl. ;Iras ;Lauraceae 
Ocotea dentata van der Werff ;Iras ;Lauraceae 
Ocotea endresiana Mez ;Ira mangle , Marañon , Sigua oloroso ;Lauraceae 
Ocotea glaucosericea Rohwer ;Bambito , Bambito blanco , Ira rosa ;Lauraceae 
Ocotea hartshorniana Hammel ;Quizarrá amarillo ;Lauraceae 
Ocotea insularis (Meisn.) Mez ;Aguacatillo , Irá marañon , Quizarrá ;Lauraceae 
Ocotea ira Mez & Pittier ;Aguacatón , Ira ;Lauraceae 
Ocotea ira Mez & Pittier ;Pocora ;Lauraceae 
Ocotea mollifolia Mez & Pittier ;Aguacatón Quizarrá ;Lauraceae 
Ocotea monteverdensis W. C. Burger ;Quizarrá amarillo , Quizarrá blanco , Quizarrá quina ;Lauraceae 
Ocotea oblonga (Meisn.) Mez ;Quizarrá quina ;Lauraceae 
Ocotea pseudopalmana W. C. Burger ;Ira , Ira mangle , Ira zoncho , Ira zopilote ;Lauraceae 
Ocotea puberula (Rich.) Nees ;Ira zopilote ;Lauraceae 
Ocotea stenoneura Mez & Pittier ;Aguacatillo , Quizarrá amarillo , Quizarrá canelo , Tiquísaro , Yaya , Yayo ;Lauraceae 
Ocotea valeriana (Standl.) W. C. Burger ;Quizarrá ;Lauraceae 
Ocotea veraguensis (Meisn.) Mez ;Canelillo , Canelo , Quina , Sigua canela ;Lauraceae 
Ocotea whitei Woodson ;Bambito colorado , Irá patón , Ira rosa , Sigua amarilla ;Lauraceae 
Oenocarpus mapora H. Karst. ;Maquenque ;Arecaceae 
Oreamunnea mexicana (Standl.) J.-F. Leroy ;Gaulín Gavilán ;Juglandaceae 
Oreamunnea pterocarpa Oerts. ;Campano , Gavilán , Gavilán blanco ;Juglandaceae 
Oreopanax xalapensis (Kunth) Decne. & Planch. ;Cacho de venado , Higuera , Papayillo ;Araliaceae 
Ormosia coccinea (Aubl.) Jacks. ;Alazán , Coralillo , Nene ;Fabaceae-Pap. 
Ormosia macrocalyx Ducke ;Frijolillo , Nene , Nene ;Fabaceae-Pap. 
Ormosia velutina Rudd ;Nene , Nene carita , Nene panza negra ;Fabaceae-Pap. 
Otoba novogranatensis Moldenke ;Bogamaní , Bola de oro , Campano , Escobo negro , Fruta , Fruta dorada , Hoja dorada , Lirio de montaña , Sebo Yaya ;Myristicaceae 
Pachira aquatica Aubl. ;Caco cimarrón , Caco de danta , Huevos de burro , Jelinjoche , Lirio de montaña , Poponjoche , Quirihuillo , Zapotón ;Bombacaeae 
Palandra aequatorialis O. F. Cook ;Palma de marfín vegetal ;Arecaceae 
Pandanus tectorius Sol. ;Falsa palmera ;Pandanaceae 
Panopsis suaveolens (Koltzsch & H. Karst.) Pi ;Palo de papa , Papa , Papa de monte ;Proteaceae 
Paramachaerium gruberi Brizicky ;Sangrillo , Sangrillo colorado ;Fabaceae-Pap. 
Parinari excelsa Sabine ;Areno Pejiballe , Turrú ;Chrysobalanaceae 
Parinari parvifolia Sandwith ;Pejiballe ;Chrysobalanaceae 
Parkia pendula (Willd.) Benth. ex Walp.  ;Ardillo , Guanacastillo , Iguano , Tamarindo , Tamarindo gigante ;Fabaceae-Mim. 
Parkinsonia aculeata L. ;Espino del cairo , Espino negro , Palo verde , Paloverde , Retamo ;Fabaceae-Caes. 
Parkinsonia aculeata L. ;Sauco Yabo ;Fabaceae-Caes. 
Parmentiera valeríi Standl. ;Cacho de danta , Cacho de danto , Jícaro , Jícaro de danta , Plátano de danta ;Bignoniaceae 
Pausandra trianae (Mull. Arg.) Baill. ;Tabacón ;Euphorbiaceae 
Pelliciera rhizophorae Triana & Planch. ;Mangle de piña , Mangle piñuela , Mangle piñuelo ;Theaceae 
Peltogyne purpurea Pittier ;Aromio , Azulillo , Nazareno , Nene , Sangre de Cristo ;Fabaceae-Caes. 
Pentaclethra macroloba (Willd.) Kuntze ;Gavilán , Gavilán quebracho , Quebracho , Sharál ;Fabaceae-Mim. 
Pera arborea Mutis ;Pera ;Euphorbiaceae 
Persea americana Mill. ;Aguacate , Amó , Avocado , Jamó ;Lauraceae 
Persea caerulea (Ruiz & Pav.) Mez ;Aguacatillo , Aguacatillo ascá , Aguacatón , Ira , Ira café ;Lauraceae 
Persea schiedeana Nees ;Aguacate de montaña , Aguacatón , Yas , Yas ;Lauraceae 
Phoenix canariensis Hort. ex Chabaud ;Palma ;Arecaceae 
Phoenix pusilla Gaertn. ;Palma ;Arecaceae 
Phoenix reclinata Jacq. ;Palma ;Arecaceae 
Phoenix roebelenii O`Brien ;Palma ;Arecaceae 
Pholidostachys pulchra H. Wendl. ex Burret ;Palma ;Arecaceae 
Phyllanthus skutchii Standl. ;Sin nombre ;Euphorbiaceae 
Phyllocarpus septrentionalis Donn. Sm. ;Sin nombre ;Fabaceae-Caes. 
Pinus caribaea var. Hondurensis Morelet ;Pino ;Pinaceae 
Pinus montezumae A. B. Lambert ;Pino ;Pinaceae 
Pinus oocarpa Schlechtendal ;Pino ;Pinaceae 
Pinus patula Schlechtendal & Chamisso ;Pino ;Pinaceae 
Pinus pseudostrobus Lindl. ;Pino ;Pinaceae 
Pinus radiata D. Don ;Pino ;Pinaceae 
Pinus tecunumanii Eguiluz & J. P. Perry ;Pino ;Pinaceae 
Piper auritum Kunth ;Anisillo , Hoja de estrella ;Piperaceae 
Piscidia carthagenensis Jacq. ;Cachimbo , Pellejo de toro , Siete cueros ;Fabaceae-Pap. 
Pithecellobium dulce (Roxb.) Benth. ;Michiguiste Mochiguiste ;Fabaceae-Mim. 
Pithecellobium lanceolatum (Humb. & Bonpl. ex) Will ;Michiguiste ;Fabaceae-Mim. 
Platycadus occidentalis  ;Thuja ;Cupressaceae 
Platycladus orientalis (L.) Franco ;Thuja ;Cupressaceae 
Platymiscium curuense N. Zamora & Kiitgaard ;Cachimbo , Cristóbal , Ñambar ;Fabaceae-Pap. 
Platymiscium parviflorum Benth. ;Cachimbo , Cristóbal , Ñambar ;Fabaceae-Pap. 
Platymiscium pinnatum (Jacq.) Dugand ;Cachimbo , Cristóbal , Ñambar ;Fabaceae-Pap. 
Pleurothyrium palmanum (Mez & Donn. Sm.) Rohwer ;Ira zopilote , Quizarrá zopilote ;Lauraceae 
Plumeria rubra L. ;Alhelí , Cacalojoche , Flor blanca , Fragipani , Frangipana , Jiquiloche , Juche , Torito ;Apocynaceae 
Podachaenium eminens (Lag.) Sch. Bip ;Tora , Tora blanca ;Asteraceae 
Podocarpus costaricensis de Laub. ;Ciprecillo , Ciprés blanco , Cipresillo , Cipresillo amarillo , Coloba ;Podocarpaceae 
Podocarpus costaricensis de Laub. ;Lorito ;Podocarpaceae 
Podocarpus guatemalensis Standl. ;Ciprecillo , Ciprecillo amarillo , Ciprecillo blanco , Pinillo , Pino de montaña ;Podocarpaceae 
Podocarpus macrostachys Parl. ;Cipresillo ;Podocarpaceae 
Podocarpus monteverdeensis de Laub. ;Ciprecillo ;Podocarpaceae 
Populus alba L. ;Populus , Populus ;Salicaceae 
Posoqueria latifolia (Rudge) Roem. & Schult. ;Guayaba de mono ;Rubiaceae 
Poulsenia armata (Miq.) Standl. ;Calugo , Chilamante espinoso , Chilamate espina , Mastate ;Moraceae 
Pourouma bicolor Mart. ;Alazán , Chumico , Guarumo de montaña , Lija , Mastate , Pasica ;Cecropiaceae 
Pourouma minor Benoist ;Chumico , Huevos de gato ;Cecropiaceae 
Pouteria congestifolia Pilz ;Leche amarilla ;Sapotaceae 
Pouteria laevigata (Mart.) Radlk. ;Sapote ;Sapotaceae 
Pouteria sapota (Jacq.) H. E. Moore & Ste ;Sapote ;Sapotaceae 
Pouteria torta (Mart.) Radlk. ;Sapote ;Sapotaceae 
Pouteria viridis (Pittier) Cronquist ;Zapote ;Sapotaceae 
Povedadaphne quadriporata W. C. Burger ;Ira rosa ;Lauraceae 
Prestoea acuminata (Willd.) H. E. Moore ;Palmito morado ;Arecaceae 
Prestoea decurrens (H. Wendl. ex ) Burret H. ;Palmito mantequilla ;Arecaceae 
Prestoea longepetiolata (Oerts.) H. E. Moore ;Palma ;Arecaceae 
Prioria copaifera Griseb. ;Camíbar , Cativo , Cativo blanco ;Fabaceae-Caes. 
Pritchardia pacifica Seem. & H. Wendl. ex  H. Wendl. ;Palma de abanico de , Fiji ;Arecaceae 
Protium costaricense (Rose) Engl. ;Alcanfor , Canfín , Canfine , Canfinsillo , Caraña , Copal ;Burseraceae 
Protium costaricense (Rose) Engl. ;Copalillo ;Burseraceae 
Protium glabrum (Rose) Engl. ;Canfín Copalillo ;Burseraceae 
Protium panamense (Rose) I. M. Johnst. ;Alcanfor , Canfin , Copal ;Burseraceae 
Protium pittieri (Rose) Engl. ;Copal ;Burseraceae 
Protium ravenii D. M. Porter ;Canfin , Copal , Copalillo ;Burseraceae 
Protium schippi Lundell ;Canfin Copal ;Burseraceae 
Protium spp ;Alcanfor Canfín ;Burseraceae 
Prumnopitys standleyi (J. Buchholz & N. Gray) d ;Ciprés lorito , Cipresillo, ciprecillo ;Podocarpaceae 
Prunus annularis Koehne ;Cipresillo , Duraznillo , Manglillo , Mariquita ;Rosaceae 
Prunus corniflora Koehne ;Duraznillo ;Rosaceae 
Prunus subcorymbosa Ruiz ex Koehne ;Duraznillo ;Rosaceae 
Pseudobombax septenatum (Jacq.) Dugand ;Barrigón , Ceiba barrigón  , Ceiba de rayas , Ceibo , Ceibo barrigón , Ceibo barrigón , Ceibo macho , Ceibo pochote , Ceibo verde ;Bombacaeae 
Pseudosamanea guachapele (Kunth) Harms ;Cenízaro macho , Gallinazo , Gavilán Gavilana , Guayaquil ;Fabaceae-Mim. 
Psidium sartorianum (O. Berg) Nied. ;Cacique ;Myrtaceae 
Pterocarpus hayesii Hemsl. ;Cachimbo blanco , Sandre drago , Sangregado , Sangrillo , Sangrillo blanco ;Fabaceae-Pap. 
Pterocarpus michelianus N. Zamora ;Clavelino , Sangregado ;Fabaceae-Pap. 
Pterocarpus officinalis Jacq. ;Chajada , Chajada amarilla , Cuajada amarilla , Kapek , Paleto , Palo de sangre , Sangre , Sangregado , Sangregao , Sangrillo Targuayugo , Targuayugo blanco ;Fabaceae-Pap. 
Pterocarpus rohrii Vahl ;Paleta , Sangregado ;Fabaceae-Pap. 
Pterocarpus violaceus Vogel ;Sangregado Sangrillo ;Fabaceae-Pap. 
Pterygota excelsa (Standl. & L. O. Williams) Kosterm. ;Probado , Queso fresco ;Sterculiaceae 
Qualea paraensis Ducke ;Areno , Gorgojo , Masicarán , Mazicarán ;Vochysiaceae 
Quararibea asterolepsis Pittier ;Garrocho , Guácimo molenillo ;Bombacaeae 
Quercus brenesii Trel. ;Encino , Roble , Roble negro ;Fagaceae 
Quercus copeyensis C. H. Mull. ;Barcino blanco , Encino , Roble , Roble barcino , Roble blanco , Roble colorado ;Fagaceae 
Quercus corrugata Hook. ;Encino Roble ;Fagaceae 
Quercus costaricensis Liebm. ;Encino , Encino blanco , Roble , Roble encino , Roble negro ;Fagaceae 
Quercus oleoides Schltdl. & Cham. ;Encino Roble ;Fagaceae 
Quercus oocarpa Liebm. ;Roble , Roble blanco ;Fagaceae 
Quercus rapurahuensis Pittier ex Trel. ;Roble ;Fagaceae 
Quercus seemanii Liebm. ;Roble ;Fagaceae 
Quercus spp ;Encino Roble  ;Fagaceae 
Quercus tonduzii Seemen ;Roble ;Fagaceae 
Raphia taedigera Mart. ;Tagua , Yolillo ;Arecaceae 
Raphia vinifera P. Beauv. ;Palma ;Arecaceae 
Ravenala madagascariensis Sonn. ;Palma de viajero ;Strelichzaceae 
Reinhardtia gracilis (H. Wendl.) Drude ex Damm ;Palma ;Arecaceae 
Rhapis excelsa (Thunb.) A. Henry ex Rehder ;Palma ;Arecaceae 
Rhizophora mangle L. ;Mangle , Mangle blanco , Mangle caballero , Mangle colorado , Mangle gateador , Mangle gato , Mangrove ;Rhizophoraceae 
Rhizophora racemosa G. Mey. ;Mangle caballero , Mangle colorado , Mangle gateador ;Rhizophoraceae 
Ricinus communis L. ;Higuerilla ;Euphorbiaceae 
Rollinia pittieri Saff. ;Anón , Anonillo , Candelo ;Annonaceae 
Roupala glaberrima Pittier ;Danto , Danto amarillo , Danto hediondo ;Proteaceae 
Roupala montana Aubl. ;Danto , Danto hediondo Danto ratón ;Proteaceae 
Roystonea oleracea (Jacq.) O. F. Cook ;Palma real del caribe ;Arecaceae 
Roystonea regia (Kunth) O. F. Cook ;Palma real de Cuba ;Arecaceae 
Ruptiliocarpon caracolito Hammel & N. Zamora ;Caracolito , Cedro caracolito ;Lepidobotryaceae 
Sabal domingensis Becc. ;Sabal ;Arecaceae 
Sabal mauritiiformis (H. Karst.) Griseb. & H. ;Sabal ;Arecaceae 
Sacoglottis trichogyna Cuatrec. ;Campano ;Humiriaceae 
Sacoglottis trichogyna Cuatrec. ;Colmena , Cucaracho , Danto , Danto plomillo , Erizo , Titor ;Humiriaceae 
Salix babylonica L. ;Sauce llorón ;Salicaceae 
Salix humboldtiana Willd. ;Sauce , Sauce llorón ;Salicaceae 
Samanea saman (Jacq.) Merr. ;Cenicero , Cenízaro , Genízaro , Genízaro ;Fabaceae-Mim. 
Sapindus saponaria L. ;Chumico Jaboncillo ;Sapindaceae 
Sapium glandulosum (L.) Morong ;Yos ;Euphorbiaceae 
Sapium laurifolium (Rich.) Griseb ;Yos ;Euphorbiaceae 
Sapranthus palanga R. E. Fr. ;Guineo , Palanco Plátano  , Turrú ;Annonaceae 
Schefflera morototoni (Aubl.) Maguire, Steyerm. ;Cola de pava , Fosforillo , Guarumo de montaña , Guarumón , Mano de león , Pava , Pavilla Pavo macho , Probado ;Araliaceae 
Schinus molle L. ;Chile , Pimiento Pirul ;Anacardiaceae 
Schizolobium parahyba (Vell.) S. F. Blake ;Caña fístula , Cañafistol , Gallinazo , Gallinazo del pacífico , Gavilán , Zorra ;Fabaceae-Caes. 
Sciadodendron excelsum Griseb. ;Espiritu , Jobo , Lagarto ;Araliaceae 
Sclerolobium costaricense N. Zamora & Poveda ;Arenillo Tostado ;Fabaceae-Caes. 
Sebastiania pavoniana Mull. Arg. ;Mario , Palo de sapo ;Euphorbiaceae 
Senna papillosa (Britton & Rose) H. S. Ir ;Abejón ;Fabaceae-Caes. 
Senna pendula (Willd.) H. S. Irwin & Ba ;Candelillo ;Fabaceae-Caes. 
Senna reticulata (Willd.) H. S. Britton & Ba ;Saragundí ;Fabaceae-Caes. 
Senna spectabilis (DC.) H. S. Irwin & Barne ;Candelillo Vainillo ;Fabaceae-Caes. 
Sideroxylon capiri (A. DC.) Pittier ;Caracolillo , Danto amarillo , Níspero de monte , Tempisque ;Sapotaceae 
Simaba cedron Planch. ;Cedrón ;Simaroubaceae 
Simarouba amara Aubl. ;Aceituno , Aceituno negro ;Simaroubaceae 
Simarouba glauca DC. ;Aceitino negro , Aceituno , Manteco , Negrito , Olivo , Zapatero ;Simaroubaceae 
Simira maxonii (Standl.) Steyerm. ;Guaitil colorado Siguatil ;Rubiaceae 
Siparuna gesnerioides (Kunth) A. DC. ;Limoncillo ;Monimiaceae 
Sloanea ampla I. M. Jonhst. ;Achiotillo ;Elaeocarpaceae 
Sloanea faginea Standl. ;Abrojo , Paleta , Terciopelo ;Elaeocarpaceae 
Sloanea latifolia (Rich.) K. Schum ;Paleta , Terciopelo ;Elaeocarpaceae 
Sloanea laurifolia (Benth.) Benth. ;Abrojo ;Elaeocarpaceae 
Sloanea medusula K. Schum. & Pittier ;Abrojo , Guellaperro ;Elaeocarpaceae 
Sloanea obtusifolia (Moric.) K. Schum. ;Abrojo , Guellaperro ;Elaeocarpaceae 
Sloanea picapica Standl. ;Ira rosa ;Elaeocarpaceae 
Sloanea spp ;Huesillo ;Elaeocarpaceae 
Sloanea terniflora (Moc. & Sesse ex DC.) Sta ;Pica pica Terciopelo ;Elaeocarpaceae 
Socratea exrrhiza (Mart.) H. Wendl. ;Chonta patona Maquenque ;Arecaceae 
Spathodea campanulata P. Beauv. ;Llama del bosque  ;Bignoniaceae 
Spondias dulcis Parkinson ;Yuplón ;Anacardiaceae 
Spondias mombin L. ;Bala , Bara , Blá , Daplá , Hogplum , Jobo Jocote , Jocote jobo ;Anacardiaceae 
Spondias purpurea L. ;Bala karbö , Bolá , Braa Ciruelo , Jocote , Jocote cimarrón , Jocote corona , Jocote de iguana , Jocote garrobo Jocote iguanero , Jocote inviernero , Jocote invierniz , Jocote jimoyo , Jocote nica , Jocote tronador , Jocote veranero ;Anacardiaceae 
Spondias radlkoferi Donn. Sm. ;Jobo , Jobo negro , Jocote cimarrón ;Anacardiaceae 
Stemmadenia donnell-smithii (Rose) Woodson ;Bijarro , Huevos de caballo , Huevos de toro ;Apocynaceae 
Stemmadenia obovata (Hook. & Arn.) K. Schum. ;Cojón de caballo , Guijarro , Huevos de toro ;Apocynaceae 
Stemmadenia spp ;Huevos de caballo ;Apocynaceae 
Stenocereus aragonii (F. A. C. Weber) Buxb. ;Candelabro ;Cactaceae 
Stephanopodium costaricense Prance ;Caja ;Dichapetalaceae 
Sterculia allenii E. Taylor ;Panamá ;Sterculiaceae 
Sterculia apetala (Jacq.) H. Karst. ;Árbol de Panamá Castaño ;Sterculiaceae 
Sterculia apetala (Jacq.) H. Karst. ;Palo de leche , Pan de leche , Panamá , Panamá , Piñón , Terciopelo ;Sterculiaceae 
Sterculia recordiana Standl. ;Panamá Yuco ;Sterculiaceae 
Stryphnodendron microstachyum Poepp. & Endl. ;Gallinazo , Vainilla , Vainillo ;Fabaceae-Mim. 
Swartzia cubensis (Britton & P. Wilson) Sta ;Carboncillo Costilla de danto , Frijolón , Kakir klö , Kikir , Melón , Moridero ;Fabaceae-Pap. 
Swartzia panamensis Benth. ;Carboncillo , Cutarro , Guayacán , Tacuaren ;Fabaceae-Pap. 
Swartzia simplex (Sw.) Spreng. ;Naranjito ;Fabaceae-Pap. 
Swietenia humilis Zucc. ;Cahoba Caoba ;Meliaceae 
Swietenia macrophylla King ;Cahoba Caoba ;Meliaceae 
Syagrus romanzoffiana (Cham.) Glassman. ;Palma ;Arecaceae 
Symphonia globulifera L. f. ;Amarillo , Botoncillo , Caraño , Cerillo , Leche amarillo ;Clusiaceae 
Synechanthus warscewiczianus H. Wendl. ;Palma ;Arecaceae 
Syzygium jambos (L.) Alston ;Manzana rosa ;Myrtaceae 
Tabebuia chrysantha (Jacq.) G. Nicholson ;Cortés , Cortez , Cortez amarillo , Corteza amarilla ;Bignoniaceae 
Tabebuia guayacan (Seem.) Hemsl. ;Cortés , Cortez , Cortéz ;Bignoniaceae 
Tabebuia guayacan (Seem.) Hemsl. ;Cortez amarillo , Cortéz amarillo , Corteza , Corteza amarilla , Guayacán , Ulë' ;Bignoniaceae 
Tabebuia impetiginosa (Mart. ex DC.) Standl. ;Cortés negro ;Bignoniaceae 
Tabebuia ochracea (Cham.) Standl. ;Corteza amarilla Corteza ;Bignoniaceae 
Tabebuia rosea (Bertol.) DC. ;Roble , Roble de sabana , Roble sabana ;Bignoniaceae 
Tachigali versicolor Standl. & L. O. Williams ;Alazán , Caña fístula , Cutarro amarillo , Palomo , Pellejo de toro , Plomo Reseco , Tostado ;Fabaceae-Caes. 
Talauma gloriensis Pittier ;Magnolia ;Magnoliaceae 
Tamarindus indica L. ;Tamarindo ;Fabaceae-Caes. 
Tapirira mexicana Marchand ;Cirrí , Cirrí blanco , Cirrí colorado , Ciruelo de montaña ;Anacardiaceae 
Tapirira myriantha Triana & Planch. ;Cedrillo Cedro dulce , Cedro manteco , Cedrón , Manteco ;Anacardiaceae 
Taxodium mucronatum Ten. ;Taxodium  ;Cupressaceae 
Tecoma stans (L.) C. Juss. ex Kunth ;Candelillo , Carboncillo , Serrecillo , Vainillo ;Bignoniaceae 
Tectona grandis L.f. ;Teca ;Viticaceae 
Terminalia amazonia (J. F. Gmel.) Exell ;Amarillo , Amarillón , Carbonero , Cascarillo , Chano ;Combretaceae 
Terminalia amazonia (J. F. Gmel.) Exell ;Escobo , Guayaba de montaña , Guayaba de monte , Guayabo de charco , Guayabo de montaña , Guayabo de monte , Guayabo negro , Guayabón , Naranjo volador Papayo amarillo , Quiubra , Roble coral , Shano , Surá , Volador ;Combretaceae 
Terminalia bucidoides Standl. & L. O. Williams ;Escobo , Escobo negro , Guayabo de charco , Guayabón negro , Pimiento , Roble de charco ;Combretaceae 
Terminalia catappa L. ;Almendro de playa ;Combretaceae 
Terminalia ivorensis A. Chev. ;Guayabón , Roble marfil ;Combretaceae 
Terminalia oblonga (Ruiz & Pav.) Steud. ;Guayaba de montaña , Guayaba de monte , Guayabo de montaña , Guayabón , Sholí , Shulú , Shwlwclö , Surá ;Combretaceae 
Tetragastris panamensis (Engl.) Kuntze ;Canfín , Copal , Querosén ;Burseraceae 
Tetrathylacium macrophyllum Poepp. ;Lengua de vaca Zapote ;Flacourtiaceae 
Theobroma angustifolium Moc. & Sesse ex DC. ;Cacao de montaña ;Sterculiaceae 
Theobroma simiarum Donn. Sm. ;Cacao de mico , Cacao de montaña Teta negra ;Sterculiaceae 
Thevetia ovata (Cav.) A. DC. ;Flor blanca ;Apocynaceae 
Thevetia peruviana (Pers.) K. Schum. ;Chirca ;Apocynaceae 
Thouinidium decandrum (Humb. & Bonpl.) Radlk. ;Escobillo , Matapulgas , Sardinillo , Sardino ;Sapindaceae 
Ticodendron incognitum Gomez-Laur. & Gomez ;Duraznillo , Jaúl macho , Jául nazareno ;Ticodendraceae 
Tovomitopsis psychotrieafolia (Planch. & Triana) D´Arcy ;Sangre de toro ;Clusiaceae 
Trachycarpus fortunei (Hook) H. Wendl. ;Palma de molino de viento ;Arecaceae 
Trattinnickia aspera (Standl.) Swart ;Caraño , Caraña , Carao amargo ;Burseraceae 
Trema integerrima (Beurl.) Standl. ;Capulin , Capulín blanco , Capulín negro , Jucó , Jucó , Vara blanca ;Ulmaceae 
Trema micrantha (L.) Blume ;Capulín , Capulín blanco , Capulín negro , Jucó , Urré , Vara , Vara blanca ;Ulmaceae 
Trichilia adolfi Harms ;Uruca ;Meliaceae 
Trichilia glabra L. ;Uruca ;Meliaceae 
Trichilia havanensis Jacq. ;Uruca ;Meliaceae 
Trichilia hirta L. ;Cedrón Uruca ;Meliaceae 
Trichilia martiana C. DC. ;Cedrillo , Cola de pava , Manteco , Uruca ;Meliaceae 
Trichospermun galeottii (Turcz.) Kosterm. ;Capulín , Capulín colorado , Capulín sabanero , Guácimo blanco , Jucó blanco , Majagua , Plomo ;Tiliaceae 
Triplaris melaenodendron (Bertol.) Standl. & Steye ;Bailarín , Barrabás , Hormigo , Palo de santo , Palo santo , Tabaco , Tabaco de montaña , Tabacón ;Polygonaceae 
Ulmus mexicana (Liebm.) Planch. ;Cenízaro Tirrá ;Ulmaceae 
Unonopsis pittieri Saff. ;Anonillo , Yaya , Yayo ;Annonaceae 
Urera laciniata (Goudot) Wedd. ;Ortiga ;Urticaceae 
Uribea tamarindoides Dugand & Romero ;Almendro , Tamarindo , Tamarindo de montaña , Tamarindo gigante ;Fabaceae-Pap. 
Vaccinium consanguineaum Klotzsch ;Arrayán ;Ericaceae 
Vantanea barbourii Standl. ;Campano , Caracolillo , Chiricano , Chiricano alegre , Chiricano triste , Ira , Ira chiricana , Ira chiricano , Níspero ;Humiriaceae 
Vatairea lundelii (Standl.) Killip ;Cocobolo de San , Carlos , Amargo , Amarillón , Carao macho ;Fabaceae-Pap. 
Viburnum costaricanum (Oerst.) Hemsl. ;Curá ;Capparidaceae 
Virola guatemalensis (Hemsl.) Warb. ;Bogamaní , Fruta dorada ;Myristicaceae 
Virola koschnyi Warb. ;Bogamaní fruta , Brok , Candelo Fruta dorada , Miguelario , Shurekimo ;Myristicaceae 
Virola sebifera Aubl. ;Fruta dorada ;Myristicaceae 
Virola surinamensis (Rol. ex ) Rottb. Warb. ;Candelo , Fruta dorada ;Myristicaceae 
Vismia baccifera (L.) Triana & Planch. ;Achiotillo ;Clusiaceae 
Vismia macrophylla Kunth ;Achiotillo ;Clusiaceae 
Vitex cooperi Standl. ;Cacho de venado , Cuajada , Manú blanco , Manú cuajada , Manú plátano , Mer , Plátano ;Viticaceae 
Vochysia allenii Standl. & L.O. Williams ;Areno colorado , Baak , Barbachele , Barbaschele , Botarrama blanco , Botarrama negro , Mayo , Mayo blanco , Mayo rosado , Palo de mayo , San juanillo ;Vochysiaceae 
Vochysia ferruginea Mart. ;Areno , Botarrama , Chancho , Chancho colorado , Flor de mayo , Mayo , Mayo colorado , Mayo negro , Palo de chancho , Palo de mayo , Palo mayo , Sebo ;Vochysiaceae 
Vochysia guatemalensis Donn. Sm. ;Barbaschele , Cebo Chancho , Chanco blanco , Ira de agua , Mayo , Mayo blanco , Palo de mayo ;Vochysiaceae 
Vochysia megalophylla Stafleu ;Ira de agua Mayo ;Vochysiaceae 
Vouarana anomala (Steyerm.) P. Acevedo ;Areno ;Sapindaceae 
Warszewiczia coccinea (Vahl) Klotzsch ;Pastora de montaña ;Rubiaceae 
Washingtonia robusta H. Wendl. ;Palma ;Arecaceae 
Weinmannia pinnata L. ;Arrayán , Arrayán blanco Arrayán colorado , Arrayán lorito , Llorón , Lorito , Loro ;Cunoniaceae 
Weinmannia wercklei Standl. ;Arrayán , Arrayán mora ;Cunoniaceae 
Welfia georgii H. Wendl. ex Burret ;Corozo , Maquenque ;Arecaceae 
Willianodendron glaucophyllum (van der Werff) Kubitzki ;Melón Oloroso ;Lauraceae 
Wimmeria sternii Lundell ;Corroncho ;Celastraceae 
Xylopia frutescens Aubl. ;Pavito ;Annonaceae 
Xylopia sericophylla Standl. & L. O. Williams ;Flaco Gabul , Lengua de gallina , Manga larga , Yayo ;Annonaceae 
Xylopia spp ;Anonillo ;Annonaceae 
Xylosma flexuosa (Kunth) Hemsl. ;Peipute ;Flacourtiaceae 
Xylosma intermedia (Seem.) Triana & Planch. ;Peipute ;Flacourtiaceae 
Xylosma spp ;Peipute ;Flacourtiaceae 
Yucca guatemalensis hort. ex Baker ;Itabo Izote ;Agavaceae 
Zamia fairchildiana L.D. Gomez ;Zamia ;Zamiaceae 
Zamia skinneri Warsz. ex A. Dietr. ;Zamia ;Zamiaceae 
Zanthoxylum ekmannii (Urb.) Alain ;Lagarto , Lagarto amarillo ;Rutaceae 
Zanthoxylum kellermanii P. Wilson ;Lagarto , Lagarto negro ;Rutaceae 
Zanthoxylum melanostictum Schltdl. & Cham. ;Arcabú , Lagartillo , Lagartillo colorado , Lagarto , Lagarto colorado ;Rutaceae 
Zanthoxylum monophyllum (Lam.) P. Wilson ;Lagarto , Lagarto amarillo , Lagarto blanco , Lagarto blanco , Lagarto colorado , Lagarto negro ;Rutaceae 
Zinowiewia costaricensis Lundell ;Corroncho ;Celastraceae 
Zinowiewia integerrima (Turcz.) Turcz. ;Corroncho ;Celastraceae 
Zygia longifolia (Humb. & Bonpl. ex Willd.) Britton ;;Fabaceae-Mim. 
